id,firstname,lastname,email,phone
100,Gusella,Dorine,Gusella.Dorine@yopmail.com,5559621231
101,Marline,Dichy,Marline.Dichy@yopmail.com,5559878594
102,Emylee,Sheng,Emylee.Sheng@yopmail.com,5560135957
103,Pierette,Aloise,Pierette.Aloise@yopmail.com,5560393320
104,Gale,Ventre,Gale.Ventre@yopmail.com,5560650683
105,Diena,Lumbard,Diena.Lumbard@yopmail.com,5560908046
106,Jemie,Brodench,Jemie.Brodench@yopmail.com,5561165409
107,Shel,Chinua,Shel.Chinua@yopmail.com,5561422772
108,Nannie,Wallis,Nannie.Wallis@yopmail.com,5561680135
109,Edith,Hepsibah,Edith.Hepsibah@yopmail.com,5561937498
110,Di,Glenden,Di.Glenden@yopmail.com,5562194861
111,Mignon,Schroth,Mignon.Schroth@yopmail.com,5562452224
112,Romona,Eldrid,Romona.Eldrid@yopmail.com,5562709587
113,Angela,Giule,Angela.Giule@yopmail.com,5562966950
114,Mary,Juan,Mary.Juan@yopmail.com,5563224313
115,Dennie,Maroney,Dennie.Maroney@yopmail.com,5563481676
116,Robbi,Glovsky,Robbi.Glovsky@yopmail.com,5563739039
117,Tamqrah,Horan,Tamqrah.Horan@yopmail.com,5563996402
118,Olivette,Horan,Olivette.Horan@yopmail.com,5564253765
119,Myriam,Smitt,Myriam.Smitt@yopmail.com,5564511128
120,Jackie,Candy,Jackie.Candy@yopmail.com,5564768491
121,Allyce,Llovera,Allyce.Llovera@yopmail.com,5565025854
122,Catrina,Freddi,Catrina.Freddi@yopmail.com,5565283217
123,Jere,Brady,Jere.Brady@yopmail.com,5565540580
124,Leanna,Pearse,Leanna.Pearse@yopmail.com,5565797943
125,Ariela,Lipson,Ariela.Lipson@yopmail.com,5566055306
126,Larine,Jagir,Larine.Jagir@yopmail.com,5566312669
127,Diena,Merell,Diena.Merell@yopmail.com,5566570032
128,Adore,Thar,Adore.Thar@yopmail.com,5566827395
129,Theodora,Rugen,Theodora.Rugen@yopmail.com,5567084758
130,Quintina,Dunkin,Quintina.Dunkin@yopmail.com,5567342121
131,Roslyn,Jobi,Roslyn.Jobi@yopmail.com,5567599484
132,Adriana,Lory,Adriana.Lory@yopmail.com,5567856847
133,Brynna,Bonilla,Brynna.Bonilla@yopmail.com,5568114210
134,Tracey,Pearse,Tracey.Pearse@yopmail.com,5568371573
135,Rayna,Eben,Rayna.Eben@yopmail.com,5568628936
136,Noelle,Cimbura,Noelle.Cimbura@yopmail.com,5568886299
137,Cassondra,Letsou,Cassondra.Letsou@yopmail.com,5569143662
138,Consuela,Masao,Consuela.Masao@yopmail.com,5569401025
139,Joceline,Mich,Joceline.Mich@yopmail.com,5569658388
140,Karina,Weitman,Karina.Weitman@yopmail.com,5569915751
141,Libbie,Croix,Libbie.Croix@yopmail.com,5570173114
142,Jasmina,Lytton,Jasmina.Lytton@yopmail.com,5570430477
143,Tonia,Zeeba,Tonia.Zeeba@yopmail.com,5570687840
144,Lily,Honoria,Lily.Honoria@yopmail.com,5570945203
145,Orelia,Malanie,Orelia.Malanie@yopmail.com,5571202566
146,Leona,Fancie,Leona.Fancie@yopmail.com,5571459929
147,Gwyneth,Artie,Gwyneth.Artie@yopmail.com,5571717292
148,Shirlee,Gerge,Shirlee.Gerge@yopmail.com,5571974655
149,Wynne,Eiser,Wynne.Eiser@yopmail.com,5572232018
150,Sean,Kronfeld,Sean.Kronfeld@yopmail.com,5572489381
151,Raf,Kendrick,Raf.Kendrick@yopmail.com,5572746744
152,Korrie,Horan,Korrie.Horan@yopmail.com,5573004107
153,Dorothy,Quent,Dorothy.Quent@yopmail.com,5573261470
154,Ashlee,Jacinda,Ashlee.Jacinda@yopmail.com,5573518833
155,Marinna,Westphal,Marinna.Westphal@yopmail.com,5573776196
156,Britni,Marisa,Britni.Marisa@yopmail.com,5574033559
157,Ricky,Jeanne,Ricky.Jeanne@yopmail.com,5574290922
158,Myriam,Howlyn,Myriam.Howlyn@yopmail.com,5574548285
159,Jsandye,Erich,Jsandye.Erich@yopmail.com,5574805648
160,Joceline,Schonfeld,Joceline.Schonfeld@yopmail.com,5575063011
161,Bobbi,Kimmie,Bobbi.Kimmie@yopmail.com,5575320374
162,Leona,Longfellow,Leona.Longfellow@yopmail.com,5575577737
163,Valli,Ferrell,Valli.Ferrell@yopmail.com,5575835100
164,Camile,Land,Camile.Land@yopmail.com,5576092463
165,Vivia,Zamora,Vivia.Zamora@yopmail.com,5576349826
166,Zsa Zsa,Edvard,Zsa Zsa.Edvard@yopmail.com,5576607189
167,Janey,Koehler,Janey.Koehler@yopmail.com,5576864552
168,Brandise,Annabella,Brandise.Annabella@yopmail.com,5577121915
169,Tracey,Prober,Tracey.Prober@yopmail.com,5577379278
170,Jennica,Delacourt,Jennica.Delacourt@yopmail.com,5577636641
171,Raquela,Sheedy,Raquela.Sheedy@yopmail.com,5577894004
172,Sabina,Ephrem,Sabina.Ephrem@yopmail.com,5578151367
173,Valera,Gahl,Valera.Gahl@yopmail.com,5578408730
174,Netty,Virgin,Netty.Virgin@yopmail.com,5578666093
175,Kaia,Katrine,Kaia.Katrine@yopmail.com,5578923456
176,Harmonia,Montgomery,Harmonia.Montgomery@yopmail.com,5579180819
177,Cyb,Cherianne,Cyb.Cherianne@yopmail.com,5579438182
178,Darci,Madelene,Darci.Madelene@yopmail.com,5579695545
179,Shandie,Buffum,Shandie.Buffum@yopmail.com,5579952908
180,Angelique,Noam,Angelique.Noam@yopmail.com,5580210271
181,Kamilah,Gino,Kamilah.Gino@yopmail.com,5580467634
182,Gaylene,Gavrila,Gaylene.Gavrila@yopmail.com,5580724997
183,Tressa,Howlyn,Tressa.Howlyn@yopmail.com,5580982360
184,Daryl,My,Daryl.My@yopmail.com,5581239723
185,Vinita,Genna,Vinita.Genna@yopmail.com,5581497086
186,Nickie,Eliathas,Nickie.Eliathas@yopmail.com,5581754449
187,Abbie,Sisile,Abbie.Sisile@yopmail.com,5582011812
188,Randa,Dreda,Randa.Dreda@yopmail.com,5582269175
189,Mariann,Gregrory,Mariann.Gregrory@yopmail.com,5582526538
190,Oona,Thad,Oona.Thad@yopmail.com,5582783901
191,Jean,Garbe,Jean.Garbe@yopmail.com,5583041264
192,Tracey,Berard,Tracey.Berard@yopmail.com,5583298627
193,Kaia,Redmond,Kaia.Redmond@yopmail.com,5583555990
194,Roxane,Oriana,Roxane.Oriana@yopmail.com,5583813353
195,Ayn,Jefferey,Ayn.Jefferey@yopmail.com,5584070716
196,Max,Stacy,Max.Stacy@yopmail.com,5584328079
197,Georgetta,Felizio,Georgetta.Felizio@yopmail.com,5584585442
198,Bibby,Norrie,Bibby.Norrie@yopmail.com,5584842805
199,Vanessa,Gemini,Vanessa.Gemini@yopmail.com,5585100168
200,Deedee,Stanwood,Deedee.Stanwood@yopmail.com,5585357531
201,Tressa,Albertine,Tressa.Albertine@yopmail.com,5585614894
202,Jan,Tippets,Jan.Tippets@yopmail.com,5585872257
203,Caryl,Salchunas,Caryl.Salchunas@yopmail.com,5586129620
204,Theodora,Fulmer,Theodora.Fulmer@yopmail.com,5586386983
205,Calla,Velick,Calla.Velick@yopmail.com,5586644346
206,Cristine,Alice,Cristine.Alice@yopmail.com,5586901709
207,Gale,Lacombe,Gale.Lacombe@yopmail.com,5587159072
208,Melina,Llovera,Melina.Llovera@yopmail.com,5587416435
209,Shannah,Schalles,Shannah.Schalles@yopmail.com,5587673798
210,Frieda,Han,Frieda.Han@yopmail.com,5587931161
211,Caryl,Love,Caryl.Love@yopmail.com,5588188524
212,Netty,Sharl,Netty.Sharl@yopmail.com,5588445887
213,Carolina,Aida,Carolina.Aida@yopmail.com,5588703250
214,Correy,Federica,Correy.Federica@yopmail.com,5588960613
215,Caressa,Croix,Caressa.Croix@yopmail.com,5589217976
216,Benita,Center,Benita.Center@yopmail.com,5589475339
217,Ethel,Vins,Ethel.Vins@yopmail.com,5589732702
218,Lonnie,Angelis,Lonnie.Angelis@yopmail.com,5589990065
219,Agnese,Sasnett,Agnese.Sasnett@yopmail.com,5590247428
220,Kathi,Wind,Kathi.Wind@yopmail.com,5590504791
221,Courtnay,Ralfston,Courtnay.Ralfston@yopmail.com,5590762154
222,Aurore,Redmond,Aurore.Redmond@yopmail.com,5591019517
223,Mariann,Ardeha,Mariann.Ardeha@yopmail.com,5591276880
224,Edee,Oneida,Edee.Oneida@yopmail.com,5591534243
225,Nataline,Truc,Nataline.Truc@yopmail.com,5591791606
226,Rebeca,Evvie,Rebeca.Evvie@yopmail.com,5592048969
227,Averyl,Randene,Averyl.Randene@yopmail.com,5592306332
228,Angelique,Yuille,Angelique.Yuille@yopmail.com,5592563695
229,Iseabal,Meter,Iseabal.Meter@yopmail.com,5592821058
230,Oona,Fairweather,Oona.Fairweather@yopmail.com,5593078421
231,Cristine,Kare,Cristine.Kare@yopmail.com,5593335784
232,Lacie,Erich,Lacie.Erich@yopmail.com,5593593147
233,Andeee,Byrne,Andeee.Byrne@yopmail.com,5593850510
234,Catrina,Abernon,Catrina.Abernon@yopmail.com,5594107873
235,Annora,Tice,Annora.Tice@yopmail.com,5594365236
236,Benita,McAdams,Benita.McAdams@yopmail.com,5594622599
237,Celisse,Ludewig,Celisse.Ludewig@yopmail.com,5594879962
238,Audrie,Koziara,Audrie.Koziara@yopmail.com,5595137325
239,Joy,Blase,Joy.Blase@yopmail.com,5595394688
240,Jordan,Tacye,Jordan.Tacye@yopmail.com,5595652051
241,Marline,Esmaria,Marline.Esmaria@yopmail.com,5595909414
242,Beatriz,Imelida,Beatriz.Imelida@yopmail.com,5596166777
243,Claresta,Turne,Claresta.Turne@yopmail.com,5596424140
244,Lenna,Screens,Lenna.Screens@yopmail.com,5596681503
245,Ilse,Nedrud,Ilse.Nedrud@yopmail.com,5596938866
246,Christian,Stuart,Christian.Stuart@yopmail.com,5597196229
247,Suzette,Therine,Suzette.Therine@yopmail.com,5597453592
248,Loree,Ivens,Loree.Ivens@yopmail.com,5597710955
249,Pierette,Alrich,Pierette.Alrich@yopmail.com,5597968318
250,Ulrike,Shuler,Ulrike.Shuler@yopmail.com,5598225681
251,Jorry,Armanda,Jorry.Armanda@yopmail.com,5598483044
252,Myriam,Gilbertson,Myriam.Gilbertson@yopmail.com,5598740407
253,Damaris,Fillbert,Damaris.Fillbert@yopmail.com,5598997770
254,Tamqrah,Brunell,Tamqrah.Brunell@yopmail.com,5599255133
255,Aigneis,Eachern,Aigneis.Eachern@yopmail.com,5599512496
256,Peri,Vary,Peri.Vary@yopmail.com,5599769859
257,Sharai,Raychel,Sharai.Raychel@yopmail.com,5600027222
258,Emilia,Sundin,Emilia.Sundin@yopmail.com,5600284585
259,Carlie,Lea,Carlie.Lea@yopmail.com,5600541948
260,Jordan,Buttaro,Jordan.Buttaro@yopmail.com,5600799311
261,Margarette,Raimondo,Margarette.Raimondo@yopmail.com,5601056674
262,Andree,Ezar,Andree.Ezar@yopmail.com,5601314037
263,Elsie,Jary,Elsie.Jary@yopmail.com,5601571400
264,Brena,Rosemary,Brena.Rosemary@yopmail.com,5601828763
265,Antonietta,Vilma,Antonietta.Vilma@yopmail.com,5602086126
266,Valera,Kiersten,Valera.Kiersten@yopmail.com,5602343489
267,Inga,LaRue,Inga.LaRue@yopmail.com,5602600852
268,Alexine,Zola,Alexine.Zola@yopmail.com,5602858215
269,Lyssa,Solitta,Lyssa.Solitta@yopmail.com,5603115578
270,Babita,Luhe,Babita.Luhe@yopmail.com,5603372941
271,Ricky,Irmine,Ricky.Irmine@yopmail.com,5603630304
272,Rhea,Sawtelle,Rhea.Sawtelle@yopmail.com,5603887667
273,Peri,Arquit,Peri.Arquit@yopmail.com,5604145030
274,Marline,Wenda,Marline.Wenda@yopmail.com,5604402393
275,Raina,Gino,Raina.Gino@yopmail.com,5604659756
276,Dorothy,Raama,Dorothy.Raama@yopmail.com,5604917119
277,Lulita,Talia,Lulita.Talia@yopmail.com,5605174482
278,Kore,Henebry,Kore.Henebry@yopmail.com,5605431845
279,Selia,Bearnard,Selia.Bearnard@yopmail.com,5605689208
280,Lucy,Herrera,Lucy.Herrera@yopmail.com,5605946571
281,Aryn,Demitria,Aryn.Demitria@yopmail.com,5606203934
282,Chandra,Jagir,Chandra.Jagir@yopmail.com,5606461297
283,Mildrid,Zetta,Mildrid.Zetta@yopmail.com,5606718660
284,Shirlee,Urias,Shirlee.Urias@yopmail.com,5606976023
285,Tori,Ammann,Tori.Ammann@yopmail.com,5607233386
286,Grier,Felizio,Grier.Felizio@yopmail.com,5607490749
287,June,Hamil,June.Hamil@yopmail.com,5607748112
288,Adriana,Lareena,Adriana.Lareena@yopmail.com,5608005475
289,Shauna,Bonilla,Shauna.Bonilla@yopmail.com,5608262838
290,Reeba,Jobi,Reeba.Jobi@yopmail.com,5608520201
291,Melina,Ricki,Melina.Ricki@yopmail.com,5608777564
292,Gratia,Han,Gratia.Han@yopmail.com,5609034927
293,Netty,Chapland,Netty.Chapland@yopmail.com,5609292290
294,Damaris,Blisse,Damaris.Blisse@yopmail.com,5609549653
295,Kirbee,Saree,Kirbee.Saree@yopmail.com,5609807016
296,Juliane,Allys,Juliane.Allys@yopmail.com,5610064379
297,Alleen,Harriman,Alleen.Harriman@yopmail.com,5610321742
298,Viki,Flita,Viki.Flita@yopmail.com,5610579105
299,Beatriz,Cookie,Beatriz.Cookie@yopmail.com,5610836468
300,Tera,Bettine,Tera.Bettine@yopmail.com,5611093831
301,Lizzie,Orpah,Lizzie.Orpah@yopmail.com,5611351194
302,Coral,Harl,Coral.Harl@yopmail.com,5611608557
303,Barbi,Tremayne,Barbi.Tremayne@yopmail.com,5611865920
304,Alyda,Tillford,Alyda.Tillford@yopmail.com,5612123283
305,Annaliese,Codding,Annaliese.Codding@yopmail.com,5612380646
306,Edith,Chabot,Edith.Chabot@yopmail.com,5612638009
307,Sarette,Pulsifer,Sarette.Pulsifer@yopmail.com,5612895372
308,Dulcinea,Daniele,Dulcinea.Daniele@yopmail.com,5613152735
309,Ninnetta,Garbe,Ninnetta.Garbe@yopmail.com,5613410098
310,Gerianna,Girardo,Gerianna.Girardo@yopmail.com,5613667461
311,Darlleen,Schalles,Darlleen.Schalles@yopmail.com,5613924824
312,Rori,Posner,Rori.Posner@yopmail.com,5614182187
313,Gabi,O'Neill,Gabi.O'Neill@yopmail.com,5614439550
314,Averyl,Shama,Averyl.Shama@yopmail.com,5614696913
315,Gwenneth,Lunsford,Gwenneth.Lunsford@yopmail.com,5614954276
316,Gwyneth,Chrystel,Gwyneth.Chrystel@yopmail.com,5615211639
317,Ira,Therine,Ira.Therine@yopmail.com,5615469002
318,Janenna,Shelba,Janenna.Shelba@yopmail.com,5615726365
319,Thalia,Heidt,Thalia.Heidt@yopmail.com,5615983728
320,Dode,Screens,Dode.Screens@yopmail.com,5616241091
321,Nita,Kravits,Nita.Kravits@yopmail.com,5616498454
322,Peri,Wind,Peri.Wind@yopmail.com,5616755817
323,Hope,Liva,Hope.Liva@yopmail.com,5617013180
324,Meg,Genna,Meg.Genna@yopmail.com,5617270543
325,Kathi,McNully,Kathi.McNully@yopmail.com,5617527906
326,Shaylyn,Schwejda,Shaylyn.Schwejda@yopmail.com,5617785269
327,Lauryn,Isidore,Lauryn.Isidore@yopmail.com,5618042632
328,Trixi,Levey,Trixi.Levey@yopmail.com,5618299995
329,Merci,Mike,Merci.Mike@yopmail.com,5618557358
330,Willetta,Seagraves,Willetta.Seagraves@yopmail.com,5618814721
331,Beatriz,Bates,Beatriz.Bates@yopmail.com,5619072084
332,Keelia,Blisse,Keelia.Blisse@yopmail.com,5619329447
333,Riannon,Amand,Riannon.Amand@yopmail.com,5619586810
334,Laurene,Fax,Laurene.Fax@yopmail.com,5619844173
335,Ana,Gwenore,Ana.Gwenore@yopmail.com,5620101536
336,Maisey,Arvo,Maisey.Arvo@yopmail.com,5620358899
337,Paule,Linskey,Paule.Linskey@yopmail.com,5620616262
338,Allyce,Charmine,Allyce.Charmine@yopmail.com,5620873625
339,Tierney,Munn,Tierney.Munn@yopmail.com,5621130988
340,Aurore,Shuler,Aurore.Shuler@yopmail.com,5621388351
341,Alyssa,Mich,Alyssa.Mich@yopmail.com,5621645714
342,Deirdre,Ferrell,Deirdre.Ferrell@yopmail.com,5621903077
343,Mireielle,Ulphia,Mireielle.Ulphia@yopmail.com,5622160440
344,Fidelia,Hilbert,Fidelia.Hilbert@yopmail.com,5622417803
345,Sallie,Lamoree,Sallie.Lamoree@yopmail.com,5622675166
346,Queenie,Linehan,Queenie.Linehan@yopmail.com,5622932529
347,Krystle,Iphlgenia,Krystle.Iphlgenia@yopmail.com,5623189892
348,Ricky,Muriel,Ricky.Muriel@yopmail.com,5623447255
349,Lexine,Reidar,Lexine.Reidar@yopmail.com,5623704618
350,Cyndie,Mauer,Cyndie.Mauer@yopmail.com,5623961981
351,Brynna,Hebner,Brynna.Hebner@yopmail.com,5624219344
352,Debee,Pernick,Debee.Pernick@yopmail.com,5624476707
353,Hermione,Catie,Hermione.Catie@yopmail.com,5624734070
354,Malina,Bonucci,Malina.Bonucci@yopmail.com,5624991433
355,Damaris,Bigner,Damaris.Bigner@yopmail.com,5625248796
356,Frances,Brandice,Frances.Brandice@yopmail.com,5625506159
357,Carilyn,McClimans,Carilyn.McClimans@yopmail.com,5625763522
358,Theodora,Emerson,Theodora.Emerson@yopmail.com,5626020885
359,Doralynne,Monaco,Doralynne.Monaco@yopmail.com,5626278248
360,Aeriela,Wenoa,Aeriela.Wenoa@yopmail.com,5626535611
361,Mariann,Newell,Mariann.Newell@yopmail.com,5626792974
362,Trixi,Raychel,Trixi.Raychel@yopmail.com,5627050337
363,Anallese,Engdahl,Anallese.Engdahl@yopmail.com,5627307700
364,Dode,Byrne,Dode.Byrne@yopmail.com,5627565063
365,Caritta,Alabaster,Caritta.Alabaster@yopmail.com,5627822426
366,Shel,Carri,Shel.Carri@yopmail.com,5628079789
367,Katuscha,Zola,Katuscha.Zola@yopmail.com,5628337152
368,Kristan,Bivins,Kristan.Bivins@yopmail.com,5628594515
369,Brynna,Francyne,Brynna.Francyne@yopmail.com,5628851878
370,Mireielle,Kosey,Mireielle.Kosey@yopmail.com,5629109241
371,Quintina,Zachary,Quintina.Zachary@yopmail.com,5629366604
372,Misha,Chem,Misha.Chem@yopmail.com,5629623967
373,Celene,Maples,Celene.Maples@yopmail.com,5629881330
374,Rhoda,Alwin,Rhoda.Alwin@yopmail.com,5630138693
375,Dede,Donell,Dede.Donell@yopmail.com,5630396056
376,Sadie,Henebry,Sadie.Henebry@yopmail.com,5630653419
377,Ann-Marie,Cordi,Ann-Marie.Cordi@yopmail.com,5630910782
378,Lila,Merell,Lila.Merell@yopmail.com,5631168145
379,Carol-Jean,Cecile,Carol-Jean.Cecile@yopmail.com,5631425508
380,Nonnah,Devlen,Nonnah.Devlen@yopmail.com,5631682871
381,Deane,Posner,Deane.Posner@yopmail.com,5631940234
382,Fidelia,Colleen,Fidelia.Colleen@yopmail.com,5632197597
383,Roxane,Wiener,Roxane.Wiener@yopmail.com,5632454960
384,Jean,Pulsifer,Jean.Pulsifer@yopmail.com,5632712323
385,Paulita,Ruvolo,Paulita.Ruvolo@yopmail.com,5632969686
386,Roz,Salchunas,Roz.Salchunas@yopmail.com,5633227049
387,Danika,Linehan,Danika.Linehan@yopmail.com,5633484412
388,Larine,Whittaker,Larine.Whittaker@yopmail.com,5633741775
389,Jsandye,Gaynor,Jsandye.Gaynor@yopmail.com,5633999138
390,Darci,Etom,Darci.Etom@yopmail.com,5634256501
391,Oona,Hubert,Oona.Hubert@yopmail.com,5634513864
392,Tobe,Weide,Tobe.Weide@yopmail.com,5634771227
393,Melina,McLaughlin,Melina.McLaughlin@yopmail.com,5635028590
394,Ilse,Bigner,Ilse.Bigner@yopmail.com,5635285953
395,Albertina,Gower,Albertina.Gower@yopmail.com,5635543316
396,Jobi,Dichy,Jobi.Dichy@yopmail.com,5635800679
397,Goldie,Kirstin,Goldie.Kirstin@yopmail.com,5636058042
398,Magdalena,Vary,Magdalena.Vary@yopmail.com,5636315405
399,Marguerite,Laurianne,Marguerite.Laurianne@yopmail.com,5636572768
400,Dorothy,Israeli,Dorothy.Israeli@yopmail.com,5636830131
401,Lila,Ogren,Lila.Ogren@yopmail.com,5637087494
402,Pamella,Belanger,Pamella.Belanger@yopmail.com,5637344857
403,Wileen,Narton,Wileen.Narton@yopmail.com,5637602220
404,Jacquetta,Ogren,Jacquetta.Ogren@yopmail.com,5637859583
405,Kaia,Jethro,Kaia.Jethro@yopmail.com,5638116946
406,Winny,Atcliffe,Winny.Atcliffe@yopmail.com,5638374309
407,Kayla,Lowry,Kayla.Lowry@yopmail.com,5638631672
408,Steffane,Fairweather,Steffane.Fairweather@yopmail.com,5638889035
409,Deirdre,Kylander,Deirdre.Kylander@yopmail.com,5639146398
410,Chastity,Gaal,Chastity.Gaal@yopmail.com,5639403761
411,Ginnie,Wenoa,Ginnie.Wenoa@yopmail.com,5639661124
412,Angela,Evangelia,Angela.Evangelia@yopmail.com,5639918487
413,Gilda,Abram,Gilda.Abram@yopmail.com,5640175850
414,Cathie,Nedrud,Cathie.Nedrud@yopmail.com,5640433213
415,Maurene,Candy,Maurene.Candy@yopmail.com,5640690576
416,Jerry,Maiah,Jerry.Maiah@yopmail.com,5640947939
417,Oralee,Minetta,Oralee.Minetta@yopmail.com,5641205302
418,Cassondra,Goddard,Cassondra.Goddard@yopmail.com,5641462665
419,Tierney,Audly,Tierney.Audly@yopmail.com,5641720028
420,Rori,Ephrem,Rori.Ephrem@yopmail.com,5641977391
421,Gertrud,Jorgan,Gertrud.Jorgan@yopmail.com,5642234754
422,Lisette,Jethro,Lisette.Jethro@yopmail.com,5642492117
423,Renie,Screens,Renie.Screens@yopmail.com,5642749480
424,Oona,Abernon,Oona.Abernon@yopmail.com,5643006843
425,Luci,Zeeba,Luci.Zeeba@yopmail.com,5643264206
426,Dorice,Old,Dorice.Old@yopmail.com,5643521569
427,Clary,Hylan,Clary.Hylan@yopmail.com,5643778932
428,Wynne,Michella,Wynne.Michella@yopmail.com,5644036295
429,Jaime,Hieronymus,Jaime.Hieronymus@yopmail.com,5644293658
430,Brana,Plato,Brana.Plato@yopmail.com,5644551021
431,Angelique,Destinee,Angelique.Destinee@yopmail.com,5644808384
432,Perry,Rogerio,Perry.Rogerio@yopmail.com,5645065747
433,Gabi,Francyne,Gabi.Francyne@yopmail.com,5645323110
434,Randa,Hermes,Randa.Hermes@yopmail.com,5645580473
435,Arabel,Sigfrid,Arabel.Sigfrid@yopmail.com,5645837836
436,Paola,Ariella,Paola.Ariella@yopmail.com,5646095199
437,Donetta,Tiffa,Donetta.Tiffa@yopmail.com,5646352562
438,Estell,Tarrant,Estell.Tarrant@yopmail.com,5646609925
439,Rubie,Brenn,Rubie.Brenn@yopmail.com,5646867288
440,Celestyna,Tatianas,Celestyna.Tatianas@yopmail.com,5647124651
441,Ketti,O'Rourke,Ketti.O'Rourke@yopmail.com,5647382014
442,Modestia,Whittaker,Modestia.Whittaker@yopmail.com,5647639377
443,Sheelagh,Yoko,Sheelagh.Yoko@yopmail.com,5647896740
444,Myriam,Stav,Myriam.Stav@yopmail.com,5648154103
445,Mahalia,Slifka,Mahalia.Slifka@yopmail.com,5648411466
446,Keelia,Dorothy,Keelia.Dorothy@yopmail.com,5648668829
447,Marita,Henrie,Marita.Henrie@yopmail.com,5648926192
448,Mariann,Fairweather,Mariann.Fairweather@yopmail.com,5649183555
449,Joelly,Wu,Joelly.Wu@yopmail.com,5649440918
450,Renae,Oscar,Renae.Oscar@yopmail.com,5649698281
451,Dione,Lilas,Dione.Lilas@yopmail.com,5649955644
452,Judy,Tyson,Judy.Tyson@yopmail.com,5650213007
453,Jessamyn,Zamora,Jessamyn.Zamora@yopmail.com,5650470370
454,Anthia,Westphal,Anthia.Westphal@yopmail.com,5650727733
455,Vonny,Roxanna,Vonny.Roxanna@yopmail.com,5650985096
456,Yetty,Auberbach,Yetty.Auberbach@yopmail.com,5651242459
457,Lynnea,Carvey,Lynnea.Carvey@yopmail.com,5651499822
458,Cristine,Darbie,Cristine.Darbie@yopmail.com,5651757185
459,Suzette,Atcliffe,Suzette.Atcliffe@yopmail.com,5652014548
460,Starla,Meli,Starla.Meli@yopmail.com,5652271911
461,Drucie,Posner,Drucie.Posner@yopmail.com,5652529274
462,Florencia,Thad,Florencia.Thad@yopmail.com,5652786637
463,Vita,Ricki,Vita.Ricki@yopmail.com,5653044000
464,Tressa,Glovsky,Tressa.Glovsky@yopmail.com,5653301363
465,Peri,Oneida,Peri.Oneida@yopmail.com,5653558726
466,Clary,Hurley,Clary.Hurley@yopmail.com,5653816089
467,Perry,Matthew,Perry.Matthew@yopmail.com,5654073452
468,Fred,Parette,Fred.Parette@yopmail.com,5654330815
469,Iseabal,Diogenes,Iseabal.Diogenes@yopmail.com,5654588178
470,Roslyn,Cherianne,Roslyn.Cherianne@yopmail.com,5654845541
471,Alisha,Fancie,Alisha.Fancie@yopmail.com,5655102904
472,Linet,Rese,Linet.Rese@yopmail.com,5655360267
473,Ebonee,Joli,Ebonee.Joli@yopmail.com,5655617630
474,Anestassia,Noam,Anestassia.Noam@yopmail.com,5655874993
475,Ursulina,Wu,Ursulina.Wu@yopmail.com,5656132356
476,Misha,Keelia,Misha.Keelia@yopmail.com,5656389719
477,Sophia,Johnsson,Sophia.Johnsson@yopmail.com,5656647082
478,Tiffie,Chinua,Tiffie.Chinua@yopmail.com,5656904445
479,Doro,Dahlia,Doro.Dahlia@yopmail.com,5657161808
480,Adriana,Pacorro,Adriana.Pacorro@yopmail.com,5657419171
481,Lolita,Suk,Lolita.Suk@yopmail.com,5657676534
482,Sibella,Marisa,Sibella.Marisa@yopmail.com,5657933897
483,Stacey,Garek,Stacey.Garek@yopmail.com,5658191260
484,Kathi,Aaberg,Kathi.Aaberg@yopmail.com,5658448623
485,Vita,Kravits,Vita.Kravits@yopmail.com,5658705986
486,Marcy,Atonsah,Marcy.Atonsah@yopmail.com,5658963349
487,Marinna,Ramona,Marinna.Ramona@yopmail.com,5659220712
488,Tersina,Bouchard,Tersina.Bouchard@yopmail.com,5659478075
489,Clarice,Ilka,Clarice.Ilka@yopmail.com,5659735438
490,Selma,Fiester,Selma.Fiester@yopmail.com,5659992801
491,Alisha,Hepsibah,Alisha.Hepsibah@yopmail.com,5660250164
492,Myriam,Graig,Myriam.Graig@yopmail.com,5660507527
493,Sue,Bivins,Sue.Bivins@yopmail.com,5660764890
494,Aurelie,Kalinda,Aurelie.Kalinda@yopmail.com,5661022253
495,Roberta,Newell,Roberta.Newell@yopmail.com,5661279616
496,Candi,Izaak,Candi.Izaak@yopmail.com,5661536979
497,Gusella,Atcliffe,Gusella.Atcliffe@yopmail.com,5661794342
498,Jolyn,Emerson,Jolyn.Emerson@yopmail.com,5662051705
499,Cristine,Rosette,Cristine.Rosette@yopmail.com,5662309068
500,Lanae,Toffic,Lanae.Toffic@yopmail.com,5662566431
501,Tani,Yuille,Tani.Yuille@yopmail.com,5662823794
502,Claresta,Garek,Claresta.Garek@yopmail.com,5663081157
503,Jobi,Torray,Jobi.Torray@yopmail.com,5663338520
504,Anallese,Rubie,Anallese.Rubie@yopmail.com,5663595883
505,Ashlee,Ciapas,Ashlee.Ciapas@yopmail.com,5663853246
506,Adele,Goode,Adele.Goode@yopmail.com,5664110609
507,Lilith,Burkle,Lilith.Burkle@yopmail.com,5664367972
508,Ofilia,Giule,Ofilia.Giule@yopmail.com,5664625335
509,Fawne,Kenney,Fawne.Kenney@yopmail.com,5664882698
510,Teriann,Longfellow,Teriann.Longfellow@yopmail.com,5665140061
511,Fredericka,Rustice,Fredericka.Rustice@yopmail.com,5665397424
512,Audrie,Zina,Audrie.Zina@yopmail.com,5665654787
513,Alameda,Estella,Alameda.Estella@yopmail.com,5665912150
514,Tatiania,Dom,Tatiania.Dom@yopmail.com,5666169513
515,Cassondra,Wallis,Cassondra.Wallis@yopmail.com,5666426876
516,Michaelina,Daveta,Michaelina.Daveta@yopmail.com,5666684239
517,Angela,Pitt,Angela.Pitt@yopmail.com,5666941602
518,Yetty,Parsaye,Yetty.Parsaye@yopmail.com,5667198965
519,Netty,Therine,Netty.Therine@yopmail.com,5667456328
520,Dorothy,Garlinda,Dorothy.Garlinda@yopmail.com,5667713691
521,Patricia,Caitlin,Patricia.Caitlin@yopmail.com,5667971054
522,Kimmy,Merell,Kimmy.Merell@yopmail.com,5668228417
523,Stephanie,Anestassia,Stephanie.Anestassia@yopmail.com,5668485780
524,Giustina,Docilla,Giustina.Docilla@yopmail.com,5668743143
525,Carolina,Sawtelle,Carolina.Sawtelle@yopmail.com,5669000506
526,Rosene,Carey,Rosene.Carey@yopmail.com,5669257869
527,Nataline,Buttaro,Nataline.Buttaro@yopmail.com,5669515232
528,Alameda,Therine,Alameda.Therine@yopmail.com,5669772595
529,Margarette,Aida,Margarette.Aida@yopmail.com,5670029958
530,Gertrud,Emanuel,Gertrud.Emanuel@yopmail.com,5670287321
531,Micheline,Hanleigh,Micheline.Hanleigh@yopmail.com,5670544684
532,Monika,Persse,Monika.Persse@yopmail.com,5670802047
533,Perry,Rugen,Perry.Rugen@yopmail.com,5671059410
534,Lindie,Ambrosia,Lindie.Ambrosia@yopmail.com,5671316773
535,Violet,Baudin,Violet.Baudin@yopmail.com,5671574136
536,Mireielle,Sancho,Mireielle.Sancho@yopmail.com,5671831499
537,Marjie,Donell,Marjie.Donell@yopmail.com,5672088862
538,Carree,Destinee,Carree.Destinee@yopmail.com,5672346225
539,Lauryn,Craggie,Lauryn.Craggie@yopmail.com,5672603588
540,Allis,Kristi,Allis.Kristi@yopmail.com,5672860951
541,Sibella,Tjon,Sibella.Tjon@yopmail.com,5673118314
542,Joelly,Dichy,Joelly.Dichy@yopmail.com,5673375677
543,Ana,Shields,Ana.Shields@yopmail.com,5673633040
544,Cristabel,Gunn,Cristabel.Gunn@yopmail.com,5673890403
545,Celene,Peonir,Celene.Peonir@yopmail.com,5674147766
546,Clo,Loring,Clo.Loring@yopmail.com,5674405129
547,Claudina,Ochs,Claudina.Ochs@yopmail.com,5674662492
548,Augustine,Narton,Augustine.Narton@yopmail.com,5674919855
549,Patricia,Estella,Patricia.Estella@yopmail.com,5675177218
550,Vonny,Jary,Vonny.Jary@yopmail.com,5675434581
551,Magdalena,Wyn,Magdalena.Wyn@yopmail.com,5675691944
552,Georgetta,Cimbura,Georgetta.Cimbura@yopmail.com,5675949307
553,Misha,Rosette,Misha.Rosette@yopmail.com,5676206670
554,Kaja,Lorain,Kaja.Lorain@yopmail.com,5676464033
555,Deane,Posner,Deane.Posner@yopmail.com,5676721396
556,Calla,Wittie,Calla.Wittie@yopmail.com,5676978759
557,Elfreda,Tristram,Elfreda.Tristram@yopmail.com,5677236122
558,Ivett,Oster,Ivett.Oster@yopmail.com,5677493485
559,Ileana,Socha,Ileana.Socha@yopmail.com,5677750848
560,Vivia,Eugenia,Vivia.Eugenia@yopmail.com,5678008211
561,Amelia,Pillsbury,Amelia.Pillsbury@yopmail.com,5678265574
562,Rosanne,Amadas,Rosanne.Amadas@yopmail.com,5678522937
563,Dianemarie,Lanita,Dianemarie.Lanita@yopmail.com,5678780300
564,Gaylene,Roscoe,Gaylene.Roscoe@yopmail.com,5679037663
565,Merry,Grobe,Merry.Grobe@yopmail.com,5679295026
566,Sibella,Madelene,Sibella.Madelene@yopmail.com,5679552389
567,Rosabelle,Zina,Rosabelle.Zina@yopmail.com,5679809752
568,Elbertina,Stelle,Elbertina.Stelle@yopmail.com,5680067115
569,Ilse,Cassius,Ilse.Cassius@yopmail.com,5680324478
570,Leontine,Hachmin,Leontine.Hachmin@yopmail.com,5680581841
571,Rozele,Genna,Rozele.Genna@yopmail.com,5680839204
572,Jordan,Karylin,Jordan.Karylin@yopmail.com,5681096567
573,Riannon,Grosz,Riannon.Grosz@yopmail.com,5681353930
574,Alyssa,Madaih,Alyssa.Madaih@yopmail.com,5681611293
575,Judy,Taima,Judy.Taima@yopmail.com,5681868656
576,Julieta,Evangelia,Julieta.Evangelia@yopmail.com,5682126019
577,Albertina,Land,Albertina.Land@yopmail.com,5682383382
578,Jaime,Lubin,Jaime.Lubin@yopmail.com,5682640745
579,Carly,Peti,Carly.Peti@yopmail.com,5682898108
580,Bobbi,Rona,Bobbi.Rona@yopmail.com,5683155471
581,Vanessa,Sibyls,Vanessa.Sibyls@yopmail.com,5683412834
582,Rosene,Jehu,Rosene.Jehu@yopmail.com,5683670197
583,Tonia,Mathilde,Tonia.Mathilde@yopmail.com,5683927560
584,Claresta,Dimitris,Claresta.Dimitris@yopmail.com,5684184923
585,Berta,Strephon,Berta.Strephon@yopmail.com,5684442286
586,Alejandra,Mata,Alejandra.Mata@yopmail.com,5684699649
587,Jennica,Bord,Jennica.Bord@yopmail.com,5684957012
588,Linet,Skell,Linet.Skell@yopmail.com,5685214375
589,Harrietta,Dulciana,Harrietta.Dulciana@yopmail.com,5685471738
590,Philis,Wadell,Philis.Wadell@yopmail.com,5685729101
591,Hyacinthe,Janene,Hyacinthe.Janene@yopmail.com,5685986464
592,Rhea,Suk,Rhea.Suk@yopmail.com,5686243827
593,Jacenta,Kylander,Jacenta.Kylander@yopmail.com,5686501190
594,Anestassia,Gavrila,Anestassia.Gavrila@yopmail.com,5686758553
595,Dolli,Ethban,Dolli.Ethban@yopmail.com,5687015916
596,Odessa,Urania,Odessa.Urania@yopmail.com,5687273279
597,Jeanna,Trace,Jeanna.Trace@yopmail.com,5687530642
598,Kathi,Thornburg,Kathi.Thornburg@yopmail.com,5687788005
599,Lacie,Skell,Lacie.Skell@yopmail.com,5688045368
600,Shirlee,Lorain,Shirlee.Lorain@yopmail.com,5688302731
601,Consuela,Adore,Consuela.Adore@yopmail.com,5688560094
602,Gilda,Othilia,Gilda.Othilia@yopmail.com,5688817457
603,Darlleen,Bergman,Darlleen.Bergman@yopmail.com,5689074820
604,Gabi,Lutero,Gabi.Lutero@yopmail.com,5689332183
605,Juliane,Turne,Juliane.Turne@yopmail.com,5689589546
606,Babita,Sikorski,Babita.Sikorski@yopmail.com,5689846909
607,Regina,Buffum,Regina.Buffum@yopmail.com,5690104272
608,Maud,Japeth,Maud.Japeth@yopmail.com,5690361635
609,Marcelline,Christine,Marcelline.Christine@yopmail.com,5690618998
610,Katharina,Clie,Katharina.Clie@yopmail.com,5690876361
611,Joelly,McClimans,Joelly.McClimans@yopmail.com,5691133724
612,Teddie,Cosenza,Teddie.Cosenza@yopmail.com,5691391087
613,Rubie,Even,Rubie.Even@yopmail.com,5691648450
614,Alisha,Selway,Alisha.Selway@yopmail.com,5691905813
615,Noelle,Lutero,Noelle.Lutero@yopmail.com,5692163176
616,Gilda,Daniele,Gilda.Daniele@yopmail.com,5692420539
617,Lesly,Weaks,Lesly.Weaks@yopmail.com,5692677902
618,Mamie,Clie,Mamie.Clie@yopmail.com,5692935265
619,Tybie,Lail,Tybie.Lail@yopmail.com,5693192628
620,Marti,Felizio,Marti.Felizio@yopmail.com,5693449991
621,Jeanna,Carbo,Jeanna.Carbo@yopmail.com,5693707354
622,Kathy,Noman,Kathy.Noman@yopmail.com,5693964717
623,Cindelyn,Kenney,Cindelyn.Kenney@yopmail.com,5694222080
624,Donnie,Wyn,Donnie.Wyn@yopmail.com,5694479443
625,Addia,Melan,Addia.Melan@yopmail.com,5694736806
626,Cyb,Yorick,Cyb.Yorick@yopmail.com,5694994169
627,Corina,Liebermann,Corina.Liebermann@yopmail.com,5695251532
628,Queenie,Imelida,Queenie.Imelida@yopmail.com,5695508895
629,Viviene,Vilma,Viviene.Vilma@yopmail.com,5695766258
630,Hildegaard,Dalli,Hildegaard.Dalli@yopmail.com,5696023621
631,Britni,Decato,Britni.Decato@yopmail.com,5696280984
632,Benita,Shields,Benita.Shields@yopmail.com,5696538347
633,Leia,Concha,Leia.Concha@yopmail.com,5696795710
634,Kaia,Teryn,Kaia.Teryn@yopmail.com,5697053073
635,Tamqrah,Kronfeld,Tamqrah.Kronfeld@yopmail.com,5697310436
636,Beatriz,Cath,Beatriz.Cath@yopmail.com,5697567799
637,Bibby,Lipson,Bibby.Lipson@yopmail.com,5697825162
638,Daune,Zitvaa,Daune.Zitvaa@yopmail.com,5698082525
639,Blinni,Evvie,Blinni.Evvie@yopmail.com,5698339888
640,Tera,Jaylene,Tera.Jaylene@yopmail.com,5698597251
641,Laure,Malvino,Laure.Malvino@yopmail.com,5698854614
642,Dorothy,Baylor,Dorothy.Baylor@yopmail.com,5699111977
643,Dione,Kathie,Dione.Kathie@yopmail.com,5699369340
644,Tierney,Penelopa,Tierney.Penelopa@yopmail.com,5699626703
645,Stacey,Ricki,Stacey.Ricki@yopmail.com,5699884066
646,Britni,Xerxes,Britni.Xerxes@yopmail.com,5700141429
647,Sissy,Chesna,Sissy.Chesna@yopmail.com,5700398792
648,Devina,Velick,Devina.Velick@yopmail.com,5700656155
649,Wanda,Aprile,Wanda.Aprile@yopmail.com,5700913518
650,Carmela,Byrne,Carmela.Byrne@yopmail.com,5701170881
651,Bee,Rocray,Bee.Rocray@yopmail.com,5701428244
652,Iseabal,Astra,Iseabal.Astra@yopmail.com,5701685607
653,Pamella,Alejoa,Pamella.Alejoa@yopmail.com,5701942970
654,Sheree,Sibyls,Sheree.Sibyls@yopmail.com,5702200333
655,Caritta,Kiersten,Caritta.Kiersten@yopmail.com,5702457696
656,Renie,Kendrick,Renie.Kendrick@yopmail.com,5702715059
657,Devina,Callista,Devina.Callista@yopmail.com,5702972422
658,Merrie,Lattie,Merrie.Lattie@yopmail.com,5703229785
659,Neila,Leler,Neila.Leler@yopmail.com,5703487148
660,Merle,Shuler,Merle.Shuler@yopmail.com,5703744511
661,Queenie,Gwenore,Queenie.Gwenore@yopmail.com,5704001874
662,Lanae,Tatianas,Lanae.Tatianas@yopmail.com,5704259237
663,Madalyn,Bollay,Madalyn.Bollay@yopmail.com,5704516600
664,Belva,Henebry,Belva.Henebry@yopmail.com,5704773963
665,Kirbee,Plato,Kirbee.Plato@yopmail.com,5705031326
666,Janey,Clara,Janey.Clara@yopmail.com,5705288689
667,Thalia,Damarra,Thalia.Damarra@yopmail.com,5705546052
668,Eadie,Ludewig,Eadie.Ludewig@yopmail.com,5705803415
669,Mireielle,Karna,Mireielle.Karna@yopmail.com,5706060778
670,Barbara,Soneson,Barbara.Soneson@yopmail.com,5706318141
671,Alejandra,Noam,Alejandra.Noam@yopmail.com,5706575504
672,Gwyneth,Pond,Gwyneth.Pond@yopmail.com,5706832867
673,Elora,Rona,Elora.Rona@yopmail.com,5707090230
674,Ketti,Jenness,Ketti.Jenness@yopmail.com,5707347593
675,Evita,Robertson,Evita.Robertson@yopmail.com,5707604956
676,Iseabal,Vastah,Iseabal.Vastah@yopmail.com,5707862319
677,Brandise,Lia,Brandise.Lia@yopmail.com,5708119682
678,Corly,Daegal,Corly.Daegal@yopmail.com,5708377045
679,Alex,Kylander,Alex.Kylander@yopmail.com,5708634408
680,Andeee,Casimir,Andeee.Casimir@yopmail.com,5708891771
681,Jillayne,Nunci,Jillayne.Nunci@yopmail.com,5709149134
682,Marika,Yusuk,Marika.Yusuk@yopmail.com,5709406497
683,Ileana,Lewes,Ileana.Lewes@yopmail.com,5709663860
684,Gui,Kiyoshi,Gui.Kiyoshi@yopmail.com,5709921223
685,Philis,Scammon,Philis.Scammon@yopmail.com,5710178586
686,Dianemarie,Lorenz,Dianemarie.Lorenz@yopmail.com,5710435949
687,Dacia,Fiann,Dacia.Fiann@yopmail.com,5710693312
688,Fredericka,Thunell,Fredericka.Thunell@yopmail.com,5710950675
689,Adriana,Standing,Adriana.Standing@yopmail.com,5711208038
690,Nita,Denis,Nita.Denis@yopmail.com,5711465401
691,Hildegaard,Lilas,Hildegaard.Lilas@yopmail.com,5711722764
692,Carree,Earlie,Carree.Earlie@yopmail.com,5711980127
693,Gwyneth,Skurnik,Gwyneth.Skurnik@yopmail.com,5712237490
694,Dulcinea,Hillel,Dulcinea.Hillel@yopmail.com,5712494853
695,Yetty,Klotz,Yetty.Klotz@yopmail.com,5712752216
696,Lucy,Erb,Lucy.Erb@yopmail.com,5713009579
697,Dulce,Reneta,Dulce.Reneta@yopmail.com,5713266942
698,Concettina,Roarke,Concettina.Roarke@yopmail.com,5713524305
699,Ingrid,Cyrie,Ingrid.Cyrie@yopmail.com,5713781668
700,Theodora,Eben,Theodora.Eben@yopmail.com,5714039031
701,Marnia,Kinnard,Marnia.Kinnard@yopmail.com,5714296394
702,Alleen,Ricki,Alleen.Ricki@yopmail.com,5714553757
703,Shell,Callista,Shell.Callista@yopmail.com,5714811120
704,Fred,Loeb,Fred.Loeb@yopmail.com,5715068483
705,Nonnah,Ajay,Nonnah.Ajay@yopmail.com,5715325846
706,June,Ingra,June.Ingra@yopmail.com,5715583209
707,Tressa,Ochs,Tressa.Ochs@yopmail.com,5715840572
708,Emilia,Codding,Emilia.Codding@yopmail.com,5716097935
709,Carree,Nicoline,Carree.Nicoline@yopmail.com,5716355298
710,Kylynn,Borrell,Kylynn.Borrell@yopmail.com,5716612661
711,Corry,Havens,Corry.Havens@yopmail.com,5716870024
712,Gabriellia,Eugenia,Gabriellia.Eugenia@yopmail.com,5717127387
713,Karlee,Mike,Karlee.Mike@yopmail.com,5717384750
714,Belinda,McLaughlin,Belinda.McLaughlin@yopmail.com,5717642113
715,Alexine,Berard,Alexine.Berard@yopmail.com,5717899476
716,Flo,Vacuva,Flo.Vacuva@yopmail.com,5718156839
717,Gertrud,Claudine,Gertrud.Claudine@yopmail.com,5718414202
718,Molli,Gibbeon,Molli.Gibbeon@yopmail.com,5718671565
719,Teddie,Lilybelle,Teddie.Lilybelle@yopmail.com,5718928928
720,Belinda,Kunin,Belinda.Kunin@yopmail.com,5719186291
721,Bettine,Duwalt,Bettine.Duwalt@yopmail.com,5719443654
722,Jaclyn,Halsey,Jaclyn.Halsey@yopmail.com,5719701017
723,Nita,Hazlett,Nita.Hazlett@yopmail.com,5719958380
724,Oralee,Marisa,Oralee.Marisa@yopmail.com,5720215743
725,Sheelagh,Raimondo,Sheelagh.Raimondo@yopmail.com,5720473106
726,Sue,Madox,Sue.Madox@yopmail.com,5720730469
727,Micheline,Boehike,Micheline.Boehike@yopmail.com,5720987832
728,Laure,Gemini,Laure.Gemini@yopmail.com,5721245195
729,Addia,Yoko,Addia.Yoko@yopmail.com,5721502558
730,Rochette,Lia,Rochette.Lia@yopmail.com,5721759921
731,Cordi,Pattin,Cordi.Pattin@yopmail.com,5722017284
732,Daryl,Curren,Daryl.Curren@yopmail.com,5722274647
733,Ayn,Alisia,Ayn.Alisia@yopmail.com,5722532010
734,Dotty,Johanna,Dotty.Johanna@yopmail.com,5722789373
735,Evaleen,Dermott,Evaleen.Dermott@yopmail.com,5723046736
736,Ginnie,Berriman,Ginnie.Berriman@yopmail.com,5723304099
737,Joelly,Stacy,Joelly.Stacy@yopmail.com,5723561462
738,Petronia,Nelsen,Petronia.Nelsen@yopmail.com,5723818825
739,Jan,Merell,Jan.Merell@yopmail.com,5724076188
740,Wendi,Ovid,Wendi.Ovid@yopmail.com,5724333551
741,Lacie,Schenck,Lacie.Schenck@yopmail.com,5724590914
742,Reeba,Billye,Reeba.Billye@yopmail.com,5724848277
743,Janey,Yerkovich,Janey.Yerkovich@yopmail.com,5725105640
744,Kary,Bobbee,Kary.Bobbee@yopmail.com,5725363003
745,Amii,Berriman,Amii.Berriman@yopmail.com,5725620366
746,Jessy,Vale,Jessy.Vale@yopmail.com,5725877729
747,Farrah,Wildermuth,Farrah.Wildermuth@yopmail.com,5726135092
748,Berta,Ardra,Berta.Ardra@yopmail.com,5726392455
749,Carolina,Herrera,Carolina.Herrera@yopmail.com,5726649818
750,Carilyn,Kesley,Carilyn.Kesley@yopmail.com,5726907181
751,Lisette,Fax,Lisette.Fax@yopmail.com,5727164544
752,Rosaline,Jerold,Rosaline.Jerold@yopmail.com,5727421907
753,Jobi,Erb,Jobi.Erb@yopmail.com,5727679270
754,Corina,Meter,Corina.Meter@yopmail.com,5727936633
755,Adelle,Demitria,Adelle.Demitria@yopmail.com,5728193996
756,Alisha,Hamil,Alisha.Hamil@yopmail.com,5728451359
757,Katleen,Cristi,Katleen.Cristi@yopmail.com,5728708722
758,Deane,Moseley,Deane.Moseley@yopmail.com,5728966085
759,Katuscha,Levey,Katuscha.Levey@yopmail.com,5729223448
760,Viki,Whiffen,Viki.Whiffen@yopmail.com,5729480811
761,Tarra,Burkle,Tarra.Burkle@yopmail.com,5729738174
762,Natka,Stefa,Natka.Stefa@yopmail.com,5729995537
763,Selia,Morgun,Selia.Morgun@yopmail.com,5730252900
764,Trudie,Rustice,Trudie.Rustice@yopmail.com,5730510263
765,Kelly,Thornburg,Kelly.Thornburg@yopmail.com,5730767626
766,Tatiania,Lareena,Tatiania.Lareena@yopmail.com,5731024989
767,Leia,Bonucci,Leia.Bonucci@yopmail.com,5731282352
768,Myrtice,Whiffen,Myrtice.Whiffen@yopmail.com,5731539715
769,Fredericka,Saunderson,Fredericka.Saunderson@yopmail.com,5731797078
770,Elmira,Gale,Elmira.Gale@yopmail.com,5732054441
771,Dulce,Pauly,Dulce.Pauly@yopmail.com,5732311804
772,Dulce,Girardo,Dulce.Girardo@yopmail.com,5732569167
773,Marleah,Audly,Marleah.Audly@yopmail.com,5732826530
774,Tina,Phyllis,Tina.Phyllis@yopmail.com,5733083893
775,Pamella,Dorothy,Pamella.Dorothy@yopmail.com,5733341256
776,Josephine,Henebry,Josephine.Henebry@yopmail.com,5733598619
777,Addia,Thar,Addia.Thar@yopmail.com,5733855982
778,Margalo,Havens,Margalo.Havens@yopmail.com,5734113345
779,Tressa,Liva,Tressa.Liva@yopmail.com,5734370708
780,Orsola,Corabella,Orsola.Corabella@yopmail.com,5734628071
781,Kial,Cornelia,Kial.Cornelia@yopmail.com,5734885434
782,Bernie,Kellby,Bernie.Kellby@yopmail.com,5735142797
783,Marsiella,Rubie,Marsiella.Rubie@yopmail.com,5735400160
784,Wilma,Marlie,Wilma.Marlie@yopmail.com,5735657523
785,Kary,Boycey,Kary.Boycey@yopmail.com,5735914886
786,Olwen,Magdalen,Olwen.Magdalen@yopmail.com,5736172249
787,Pollyanna,Vorster,Pollyanna.Vorster@yopmail.com,5736429612
788,Edee,Christine,Edee.Christine@yopmail.com,5736686975
789,Elora,Pozzy,Elora.Pozzy@yopmail.com,5736944338
790,Letizia,Barbey,Letizia.Barbey@yopmail.com,5737201701
791,Silvana,Bartlett,Silvana.Bartlett@yopmail.com,5737459064
792,Celene,Gusella,Celene.Gusella@yopmail.com,5737716427
793,Briney,Guthrie,Briney.Guthrie@yopmail.com,5737973790
794,Maisey,Tatianas,Maisey.Tatianas@yopmail.com,5738231153
795,Chere,Haldas,Chere.Haldas@yopmail.com,5738488516
796,Albertina,Weinreb,Albertina.Weinreb@yopmail.com,5738745879
797,Kirstin,Leary,Kirstin.Leary@yopmail.com,5739003242
798,Chandra,Tremayne,Chandra.Tremayne@yopmail.com,5739260605
799,Marguerite,Thomasina,Marguerite.Thomasina@yopmail.com,5739517968
800,Sashenka,Greyson,Sashenka.Greyson@yopmail.com,5739775331
801,Tamqrah,Judye,Tamqrah.Judye@yopmail.com,5740032694
802,Shannah,Oscar,Shannah.Oscar@yopmail.com,5740290057
803,Ardys,Cullin,Ardys.Cullin@yopmail.com,5740547420
804,Winny,Sigfrid,Winny.Sigfrid@yopmail.com,5740804783
805,Justinn,Danby,Justinn.Danby@yopmail.com,5741062146
806,Jessamyn,Breed,Jessamyn.Breed@yopmail.com,5741319509
807,Sibella,Eldrid,Sibella.Eldrid@yopmail.com,5741576872
808,Bernardine,Lymann,Bernardine.Lymann@yopmail.com,5741834235
809,Andree,Lay,Andree.Lay@yopmail.com,5742091598
810,Fayre,Elbertina,Fayre.Elbertina@yopmail.com,5742348961
811,Maisey,Lytton,Maisey.Lytton@yopmail.com,5742606324
812,Kristina,Gino,Kristina.Gino@yopmail.com,5742863687
813,Aeriela,Thar,Aeriela.Thar@yopmail.com,5743121050
814,Beatriz,Hurley,Beatriz.Hurley@yopmail.com,5743378413
815,Dode,Frendel,Dode.Frendel@yopmail.com,5743635776
816,Hyacinthe,Bohlin,Hyacinthe.Bohlin@yopmail.com,5743893139
817,Roberta,Thunell,Roberta.Thunell@yopmail.com,5744150502
818,Averyl,Vale,Averyl.Vale@yopmail.com,5744407865
819,Sybille,Raffo,Sybille.Raffo@yopmail.com,5744665228
820,Kimberley,Rebecka,Kimberley.Rebecka@yopmail.com,5744922591
821,Adriana,Kronfeld,Adriana.Kronfeld@yopmail.com,5745179954
822,Annecorinne,Wenda,Annecorinne.Wenda@yopmail.com,5745437317
823,Hermione,Madox,Hermione.Madox@yopmail.com,5745694680
824,Netty,Tomasina,Netty.Tomasina@yopmail.com,5745952043
825,Tabbatha,Mike,Tabbatha.Mike@yopmail.com,5746209406
826,Bertine,Adore,Bertine.Adore@yopmail.com,5746466769
827,Wynne,Nadia,Wynne.Nadia@yopmail.com,5746724132
828,Malina,Louanna,Malina.Louanna@yopmail.com,5746981495
829,Harmonia,Carey,Harmonia.Carey@yopmail.com,5747238858
830,Tonia,Tybald,Tonia.Tybald@yopmail.com,5747496221
831,Sabina,Elbertina,Sabina.Elbertina@yopmail.com,5747753584
832,Lyssa,Ariella,Lyssa.Ariella@yopmail.com,5748010947
833,Alie,Bord,Alie.Bord@yopmail.com,5748268310
834,Margette,Noman,Margette.Noman@yopmail.com,5748525673
835,Jinny,Berriman,Jinny.Berriman@yopmail.com,5748783036
836,Dulcinea,Callista,Dulcinea.Callista@yopmail.com,5749040399
837,Felice,Merell,Felice.Merell@yopmail.com,5749297762
838,Lorne,Gualtiero,Lorne.Gualtiero@yopmail.com,5749555125
839,Tabbatha,Ehrman,Tabbatha.Ehrman@yopmail.com,5749812488
840,Mildrid,Mendez,Mildrid.Mendez@yopmail.com,5750069851
841,Genevra,Weitman,Genevra.Weitman@yopmail.com,5750327214
842,Kellen,Anyah,Kellen.Anyah@yopmail.com,5750584577
843,Helsa,Firmin,Helsa.Firmin@yopmail.com,5750841940
844,Melanie,McNully,Melanie.McNully@yopmail.com,5751099303
845,Inga,Nerita,Inga.Nerita@yopmail.com,5751356666
846,Gertrud,Bethany,Gertrud.Bethany@yopmail.com,5751614029
847,Jenilee,Redmond,Jenilee.Redmond@yopmail.com,5751871392
848,Glenda,Ardeha,Glenda.Ardeha@yopmail.com,5752128755
849,Patricia,Oriana,Patricia.Oriana@yopmail.com,5752386118
850,Shaine,Felecia,Shaine.Felecia@yopmail.com,5752643481
851,Blake,Leopold,Blake.Leopold@yopmail.com,5752900844
852,Cherilyn,Anestassia,Cherilyn.Anestassia@yopmail.com,5753158207
853,Karena,Cohdwell,Karena.Cohdwell@yopmail.com,5753415570
854,Fidelia,Wallis,Fidelia.Wallis@yopmail.com,5753672933
855,Belinda,Iiette,Belinda.Iiette@yopmail.com,5753930296
856,Jemie,Elephus,Jemie.Elephus@yopmail.com,5754187659
857,Danika,Demitria,Danika.Demitria@yopmail.com,5754445022
858,Lexine,Kimmie,Lexine.Kimmie@yopmail.com,5754702385
859,Tani,Gert,Tani.Gert@yopmail.com,5754959748
860,Antonietta,Zitvaa,Antonietta.Zitvaa@yopmail.com,5755217111
861,Lizzie,Suanne,Lizzie.Suanne@yopmail.com,5755474474
862,Lonnie,Thad,Lonnie.Thad@yopmail.com,5755731837
863,Yolane,Kare,Yolane.Kare@yopmail.com,5755989200
864,Karlee,Estella,Karlee.Estella@yopmail.com,5756246563
865,Benita,Zaslow,Benita.Zaslow@yopmail.com,5756503926
866,Aimil,McNully,Aimil.McNully@yopmail.com,5756761289
867,Halette,Anderea,Halette.Anderea@yopmail.com,5757018652
868,Mignon,Bow,Mignon.Bow@yopmail.com,5757276015
869,Aimil,Haldas,Aimil.Haldas@yopmail.com,5757533378
870,Brianna,Harl,Brianna.Harl@yopmail.com,5757790741
871,Wendi,Jena,Wendi.Jena@yopmail.com,5758048104
872,Sibella,Corabella,Sibella.Corabella@yopmail.com,5758305467
873,Krystle,Bashemeth,Krystle.Bashemeth@yopmail.com,5758562830
874,Gerianna,Japeth,Gerianna.Japeth@yopmail.com,5758820193
875,Maurene,Beniamino,Maurene.Beniamino@yopmail.com,5759077556
876,Tina,Glenden,Tina.Glenden@yopmail.com,5759334919
877,Melina,Sisile,Melina.Sisile@yopmail.com,5759592282
878,Darci,Skell,Darci.Skell@yopmail.com,5759849645
879,Nannie,Torray,Nannie.Torray@yopmail.com,5760107008
880,Stacey,Colbert,Stacey.Colbert@yopmail.com,5760364371
881,Joy,Janith,Joy.Janith@yopmail.com,5760621734
882,Ida,Holtz,Ida.Holtz@yopmail.com,5760879097
883,Netty,Henebry,Netty.Henebry@yopmail.com,5761136460
884,Wendi,Firmin,Wendi.Firmin@yopmail.com,5761393823
885,Vere,Fillbert,Vere.Fillbert@yopmail.com,5761651186
886,Rani,Fry,Rani.Fry@yopmail.com,5761908549
887,Kayla,Celestine,Kayla.Celestine@yopmail.com,5762165912
888,Rori,Guthrie,Rori.Guthrie@yopmail.com,5762423275
889,Dennie,Clywd,Dennie.Clywd@yopmail.com,5762680638
890,Constance,Cottle,Constance.Cottle@yopmail.com,5762938001
891,Joane,Stanwood,Joane.Stanwood@yopmail.com,5763195364
892,Brietta,Flyn,Brietta.Flyn@yopmail.com,5763452727
893,Bernardine,Dawkins,Bernardine.Dawkins@yopmail.com,5763710090
894,Correy,Vivle,Correy.Vivle@yopmail.com,5763967453
895,Elsie,Yate,Elsie.Yate@yopmail.com,5764224816
896,Margalo,Decato,Margalo.Decato@yopmail.com,5764482179
897,Wileen,Stefa,Wileen.Stefa@yopmail.com,5764739542
898,Maridel,Leary,Maridel.Leary@yopmail.com,5764996905
899,Jan,Grayce,Jan.Grayce@yopmail.com,5765254268
900,Jessy,Alisia,Jessy.Alisia@yopmail.com,5765511631
901,Tybie,Rhu,Tybie.Rhu@yopmail.com,5765768994
902,Gianina,Astra,Gianina.Astra@yopmail.com,5766026357
903,Jenda,Henebry,Jenda.Henebry@yopmail.com,5766283720
904,Kirbee,Maples,Kirbee.Maples@yopmail.com,5766541083
905,Lindie,Wittie,Lindie.Wittie@yopmail.com,5766798446
906,Philis,Latini,Philis.Latini@yopmail.com,5767055809
907,Dennie,Kalinda,Dennie.Kalinda@yopmail.com,5767313172
908,Lesly,Garek,Lesly.Garek@yopmail.com,5767570535
909,Binny,Bearnard,Binny.Bearnard@yopmail.com,5767827898
910,Josephine,Lenny,Josephine.Lenny@yopmail.com,5768085261
911,Deloria,Guildroy,Deloria.Guildroy@yopmail.com,5768342624
912,Kayla,Tayib,Kayla.Tayib@yopmail.com,5768599987
913,Laurene,McClimans,Laurene.McClimans@yopmail.com,5768857350
914,Lacie,Jacinda,Lacie.Jacinda@yopmail.com,5769114713
915,Grier,Carolin,Grier.Carolin@yopmail.com,5769372076
916,Linet,Delila,Linet.Delila@yopmail.com,5769629439
917,Edyth,Jacobah,Edyth.Jacobah@yopmail.com,5769886802
918,Gianina,Oster,Gianina.Oster@yopmail.com,5770144165
919,Nananne,Florina,Nananne.Florina@yopmail.com,5770401528
920,Sherrie,Ambrosia,Sherrie.Ambrosia@yopmail.com,5770658891
921,Drucie,Velick,Drucie.Velick@yopmail.com,5770916254
922,Andeee,Bow,Andeee.Bow@yopmail.com,5771173617
923,Rubie,Colleen,Rubie.Colleen@yopmail.com,5771430980
924,Maryellen,Nahum,Maryellen.Nahum@yopmail.com,5771688343
925,Mady,Mitzi,Mady.Mitzi@yopmail.com,5771945706
926,Anthia,Cassius,Anthia.Cassius@yopmail.com,5772203069
927,Atlanta,Percy,Atlanta.Percy@yopmail.com,5772460432
928,Ketti,Hedve,Ketti.Hedve@yopmail.com,5772717795
929,Romona,Kenwood,Romona.Kenwood@yopmail.com,5772975158
930,Sam,Florina,Sam.Florina@yopmail.com,5773232521
931,Sadie,Borrell,Sadie.Borrell@yopmail.com,5773489884
932,Gavrielle,Forrer,Gavrielle.Forrer@yopmail.com,5773747247
933,Corene,Parsaye,Corene.Parsaye@yopmail.com,5774004610
934,Mamie,Faria,Mamie.Faria@yopmail.com,5774261973
935,Marcelline,Rodmann,Marcelline.Rodmann@yopmail.com,5774519336
936,Elvira,Judye,Elvira.Judye@yopmail.com,5774776699
937,Thalia,Ramona,Thalia.Ramona@yopmail.com,5775034062
938,Yvonne,Maples,Yvonne.Maples@yopmail.com,5775291425
939,Hettie,Skell,Hettie.Skell@yopmail.com,5775548788
940,Pamella,Joseph,Pamella.Joseph@yopmail.com,5775806151
941,Madalyn,Telfer,Madalyn.Telfer@yopmail.com,5776063514
942,Agathe,Bearnard,Agathe.Bearnard@yopmail.com,5776320877
943,Corene,Love,Corene.Love@yopmail.com,5776578240
944,Minne,Brian,Minne.Brian@yopmail.com,5776835603
945,Ulrike,Sherrie,Ulrike.Sherrie@yopmail.com,5777092966
946,Suzette,Aloise,Suzette.Aloise@yopmail.com,5777350329
947,Nannie,Anton,Nannie.Anton@yopmail.com,5777607692
948,Leona,Erminia,Leona.Erminia@yopmail.com,5777865055
949,Nickie,Thar,Nickie.Thar@yopmail.com,5778122418
950,Deloria,Kravits,Deloria.Kravits@yopmail.com,5778379781
951,Linet,Shama,Linet.Shama@yopmail.com,5778637144
952,Janenna,Carbo,Janenna.Carbo@yopmail.com,5778894507
953,Aurelie,MacIntosh,Aurelie.MacIntosh@yopmail.com,5779151870
954,Anallese,Leopold,Anallese.Leopold@yopmail.com,5779409233
955,Felice,Chem,Felice.Chem@yopmail.com,5779666596
956,Cyb,Izaak,Cyb.Izaak@yopmail.com,5779923959
957,Audrie,Morgun,Audrie.Morgun@yopmail.com,5780181322
958,Olivette,Colbert,Olivette.Colbert@yopmail.com,5780438685
959,Dianemarie,Clara,Dianemarie.Clara@yopmail.com,5780696048
960,Vinita,Olin,Vinita.Olin@yopmail.com,5780953411
961,Ashlee,Cottle,Ashlee.Cottle@yopmail.com,5781210774
962,Carly,Weide,Carly.Weide@yopmail.com,5781468137
963,Madelle,Kalinda,Madelle.Kalinda@yopmail.com,5781725500
964,Ardys,Genna,Ardys.Genna@yopmail.com,5781982863
965,Dyann,Georgy,Dyann.Georgy@yopmail.com,5782240226
966,Angela,Martguerita,Angela.Martguerita@yopmail.com,5782497589
967,Rosanne,Brian,Rosanne.Brian@yopmail.com,5782754952
968,Beatriz,Wattenberg,Beatriz.Wattenberg@yopmail.com,5783012315
969,Gavrielle,Phi,Gavrielle.Phi@yopmail.com,5783269678
970,Mellicent,Hubert,Mellicent.Hubert@yopmail.com,5783527041
971,Georgina,Seligman,Georgina.Seligman@yopmail.com,5783784404
972,Cordi,Iphlgenia,Cordi.Iphlgenia@yopmail.com,5784041767
973,Dorice,Remmer,Dorice.Remmer@yopmail.com,5784299130
974,Monika,Amand,Monika.Amand@yopmail.com,5784556493
975,Bobinette,Selway,Bobinette.Selway@yopmail.com,5784813856
976,Jsandye,Lalitta,Jsandye.Lalitta@yopmail.com,5785071219
977,Elka,Burkle,Elka.Burkle@yopmail.com,5785328582
978,Willetta,Bartlett,Willetta.Bartlett@yopmail.com,5785585945
979,Gerianna,Bluh,Gerianna.Bluh@yopmail.com,5785843308
980,Mamie,Byrne,Mamie.Byrne@yopmail.com,5786100671
981,Drucie,Tayib,Drucie.Tayib@yopmail.com,5786358034
982,Gabi,Borrell,Gabi.Borrell@yopmail.com,5786615397
983,Zaria,Oriana,Zaria.Oriana@yopmail.com,5786872760
984,Dede,Peonir,Dede.Peonir@yopmail.com,5787130123
985,Carree,Vary,Carree.Vary@yopmail.com,5787387486
986,Aeriela,Wiener,Aeriela.Wiener@yopmail.com,5787644849
987,Meg,Wyn,Meg.Wyn@yopmail.com,5787902212
988,Netty,Kevon,Netty.Kevon@yopmail.com,5788159575
989,Taffy,Berne,Taffy.Berne@yopmail.com,5788416938
990,Korrie,Melony,Korrie.Melony@yopmail.com,5788674301
991,Cecile,Carvey,Cecile.Carvey@yopmail.com,5788931664
992,Doro,Gaal,Doro.Gaal@yopmail.com,5789189027
993,Siana,Noam,Siana.Noam@yopmail.com,5789446390
994,Adelle,Ethban,Adelle.Ethban@yopmail.com,5789703753
995,Feliza,Darbie,Feliza.Darbie@yopmail.com,5789961116
996,Ezmeralda,Roumell,Ezmeralda.Roumell@yopmail.com,5790218479
997,Yetty,Bevin,Yetty.Bevin@yopmail.com,5790475842
998,Hildegaard,Jethro,Hildegaard.Jethro@yopmail.com,5790733205
999,Marcelline,Andrel,Marcelline.Andrel@yopmail.com,5790990568
1000,Amelia,Douglass,Amelia.Douglass@yopmail.com,5791247931
1001,Kylynn,Talia,Kylynn.Talia@yopmail.com,5791505294
1002,Aigneis,Winnick,Aigneis.Winnick@yopmail.com,5791762657
1003,Xylina,Aaberg,Xylina.Aaberg@yopmail.com,5792020020
1004,Quintina,Callista,Quintina.Callista@yopmail.com,5792277383
1005,Danika,Telfer,Danika.Telfer@yopmail.com,5792534746
1006,Wynne,Dash,Wynne.Dash@yopmail.com,5792792109
1007,Alia,Giule,Alia.Giule@yopmail.com,5793049472
1008,Millie,Carmena,Millie.Carmena@yopmail.com,5793306835
1009,Angelique,Goddard,Angelique.Goddard@yopmail.com,5793564198
1010,Kristina,Yuille,Kristina.Yuille@yopmail.com,5793821561
1011,Kimmy,Havens,Kimmy.Havens@yopmail.com,5794078924
1012,Jacquetta,Chauncey,Jacquetta.Chauncey@yopmail.com,5794336287
1013,Yetty,Ivens,Yetty.Ivens@yopmail.com,5794593650
1014,Kathi,Rosemary,Kathi.Rosemary@yopmail.com,5794851013
1015,Giustina,Elephus,Giustina.Elephus@yopmail.com,5795108376
1016,Kayla,Ephrem,Kayla.Ephrem@yopmail.com,5795365739
1017,Paola,Bigner,Paola.Bigner@yopmail.com,5795623102
1018,Paule,Chesna,Paule.Chesna@yopmail.com,5795880465
1019,Bee,Bohlin,Bee.Bohlin@yopmail.com,5796137828
1020,Tressa,Garbe,Tressa.Garbe@yopmail.com,5796395191
1021,Linet,Tacye,Linet.Tacye@yopmail.com,5796652554
1022,Jaclyn,Cloris,Jaclyn.Cloris@yopmail.com,5796909917
1023,Gaylene,Haymes,Gaylene.Haymes@yopmail.com,5797167280
1024,Brietta,Tillford,Brietta.Tillford@yopmail.com,5797424643
1025,Edyth,Malanie,Edyth.Malanie@yopmail.com,5797682006
1026,Mary,Killigrew,Mary.Killigrew@yopmail.com,5797939369
1027,Sheelagh,Cleo,Sheelagh.Cleo@yopmail.com,5798196732
1028,Ingrid,Elbertina,Ingrid.Elbertina@yopmail.com,5798454095
1029,Mireielle,Edee,Mireielle.Edee@yopmail.com,5798711458
1030,Tierney,Johnsson,Tierney.Johnsson@yopmail.com,5798968821
1031,Max,Amethist,Max.Amethist@yopmail.com,5799226184
1032,Jenda,Thunell,Jenda.Thunell@yopmail.com,5799483547
1033,Quintina,Kenney,Quintina.Kenney@yopmail.com,5799740910
1034,Nollie,Othilia,Nollie.Othilia@yopmail.com,5799998273
1035,Micheline,Edison,Micheline.Edison@yopmail.com,5800255636
1036,Robinia,Adrienne,Robinia.Adrienne@yopmail.com,5800512999
1037,Jackie,Armanda,Jackie.Armanda@yopmail.com,5800770362
1038,Libbie,Janene,Libbie.Janene@yopmail.com,5801027725
1039,Mallory,Dawkins,Mallory.Dawkins@yopmail.com,5801285088
1040,Ann-Marie,Payson,Ann-Marie.Payson@yopmail.com,5801542451
1041,Rosanne,Percy,Rosanne.Percy@yopmail.com,5801799814
1042,Elka,Chaing,Elka.Chaing@yopmail.com,5802057177
1043,Madelle,Vharat,Madelle.Vharat@yopmail.com,5802314540
1044,Patricia,Rebecka,Patricia.Rebecka@yopmail.com,5802571903
1045,June,Edison,June.Edison@yopmail.com,5802829266
1046,Oona,Warthman,Oona.Warthman@yopmail.com,5803086629
1047,Anallese,Helfand,Anallese.Helfand@yopmail.com,5803343992
1048,Norine,Hillel,Norine.Hillel@yopmail.com,5803601355
1049,Constance,Chandler,Constance.Chandler@yopmail.com,5803858718
1050,Ketti,Lynn,Ketti.Lynn@yopmail.com,5804116081
1051,Perry,Ventre,Perry.Ventre@yopmail.com,5804373444
1052,Blinni,Dielu,Blinni.Dielu@yopmail.com,5804630807
1053,Judy,Valoniah,Judy.Valoniah@yopmail.com,5804888170
1054,Kassey,Justinn,Kassey.Justinn@yopmail.com,5805145533
1055,Minda,Leifeste,Minda.Leifeste@yopmail.com,5805402896
1056,Catharine,Leffen,Catharine.Leffen@yopmail.com,5805660259
1057,Esmeralda,Oriana,Esmeralda.Oriana@yopmail.com,5805917622
1058,Iseabal,Forrer,Iseabal.Forrer@yopmail.com,5806174985
1059,Roz,Melan,Roz.Melan@yopmail.com,5806432348
1060,Shaine,Hachmin,Shaine.Hachmin@yopmail.com,5806689711
1061,Oona,Sawtelle,Oona.Sawtelle@yopmail.com,5806947074
1062,Basia,Hessler,Basia.Hessler@yopmail.com,5807204437
1063,Bernie,Vorster,Bernie.Vorster@yopmail.com,5807461800
1064,Cam,Anestassia,Cam.Anestassia@yopmail.com,5807719163
1065,Viki,Kathie,Viki.Kathie@yopmail.com,5807976526
1066,Wynne,Shelba,Wynne.Shelba@yopmail.com,5808233889
1067,Darci,Bronk,Darci.Bronk@yopmail.com,5808491252
1068,Jobi,Rurik,Jobi.Rurik@yopmail.com,5808748615
1069,Thalia,Odell,Thalia.Odell@yopmail.com,5809005978
1070,Sheree,Dreda,Sheree.Dreda@yopmail.com,5809263341
1071,Carmela,Lindemann,Carmela.Lindemann@yopmail.com,5809520704
1072,Frances,Kermit,Frances.Kermit@yopmail.com,5809778067
1073,Marjie,Klemperer,Marjie.Klemperer@yopmail.com,5810035430
1074,Sidoney,Ammann,Sidoney.Ammann@yopmail.com,5810292793
1075,Fred,Louanna,Fred.Louanna@yopmail.com,5810550156
1076,Ronna,Morehouse,Ronna.Morehouse@yopmail.com,5810807519
1077,Layla,Marlie,Layla.Marlie@yopmail.com,5811064882
1078,Belinda,Garek,Belinda.Garek@yopmail.com,5811322245
1079,Cindelyn,Carleen,Cindelyn.Carleen@yopmail.com,5811579608
1080,Marcy,Arne,Marcy.Arne@yopmail.com,5811836971
1081,Addia,Mata,Addia.Mata@yopmail.com,5812094334
1082,Darci,Kenwood,Darci.Kenwood@yopmail.com,5812351697
1083,Chastity,Chauncey,Chastity.Chauncey@yopmail.com,5812609060
1084,Barbi,Evvie,Barbi.Evvie@yopmail.com,5812866423
1085,Tarra,Francene,Tarra.Francene@yopmail.com,5813123786
1086,Phedra,Kravits,Phedra.Kravits@yopmail.com,5813381149
1087,Joelly,Azeria,Joelly.Azeria@yopmail.com,5813638512
1088,Yolane,Emerson,Yolane.Emerson@yopmail.com,5813895875
1089,Roz,Baptlsta,Roz.Baptlsta@yopmail.com,5814153238
1090,Rivalee,Merat,Rivalee.Merat@yopmail.com,5814410601
1091,Larine,Isacco,Larine.Isacco@yopmail.com,5814667964
1092,Livvyy,Anyah,Livvyy.Anyah@yopmail.com,5814925327
1093,Aigneis,Kylander,Aigneis.Kylander@yopmail.com,5815182690
1094,Judy,Ivens,Judy.Ivens@yopmail.com,5815440053
1095,Etta,Kamaria,Etta.Kamaria@yopmail.com,5815697416
1096,Rubie,Suzetta,Rubie.Suzetta@yopmail.com,5815954779
1097,Neila,Stilwell,Neila.Stilwell@yopmail.com,5816212142
1098,Ileana,Solitta,Ileana.Solitta@yopmail.com,5816469505
1099,Madelle,Niccolo,Madelle.Niccolo@yopmail.com,5816726868
